partida_codigo,partida_nombre,codigo_sabs,descripcion,unidad_medida,fecha_vencimiento
32100,PAPEL DE ESCRITORIO,32100-001,PAPEL BOND TAMAÑO OFICIO COLOR BLANCO,PAQUETE,
32100,PAPEL DE ESCRITORIO,32100-002,PAPEL BOND TAMAÑO CARTA COLOR BLANCO,PAQUETE,
32100,PAPEL DE ESCRITORIO,32100-003,PAPEL BOND TAMAÑO OFICIO DIFERENTES COLORES,PAQUETE,
32100,PAPEL DE ESCRITORIO,32100-004,PAPEL BOND TAMAÑO CARTA DIFERENTES COLORES,PAQUETE,
32100,PAPEL DE ESCRITORIO,32100-005,PAPEL CARBONICO TAMAÑO OFICIO (100 HOJAS),PAQUETE,
32100,PAPEL DE ESCRITORIO,32100-006,PAPEL CONTINUO TAMAÑO CARTA SIN CPIA,CAJA,
32200,PRODUCTOS DE ARTES GRAFICAS,32200-001,CARTULINA DIFERENTES COLORES,PLIEGO,
32200,PRODUCTOS DE ARTES GRAFICAS,32200-002,CARTULINA HILADA DE COLOR BLANCO,PLIEGO,
32200,PRODUCTOS DE ARTES GRAFICAS,32200-003,"CARTULINA HILADA TAMAÑO OFICIO, COLOR BEIGE",HOJAS,
32200,PRODUCTOS DE ARTES GRAFICAS,32200-004,FOLDER DE CARTULINA TAMAÑO OFICIO,PIEZAS,
32200,PRODUCTOS DE ARTES GRAFICAS,32200-005,FOLDER DE CARTULNA TAMAÑO CARTA,PIEZAS,
32200,PRODUCTOS DE ARTES GRAFICAS,32200-006,SOBRE MANILA TAMAÑO CARTA,PIEZAS,
32200,PRODUCTOS DE ARTES GRAFICAS,32200-007,SOBRE MANILA TAMAÑO OFICIO,PIEZAS,
32200,PRODUCTOS DE ARTES GRAFICAS,32200-008,SOBRE MANILA TAMAÑO DOBLE CARTA,PIEZAS,
32200,PRODUCTOS DE ARTES GRAFICAS,32200-009,SOBRE MANILA TAMAÑO DOBLE OFICIO,PIEZAS,
32200,PRODUCTOS DE ARTES GRAFICAS,32200-010,SOBRES MANILA TAMAÑO ESQUELA,PIEZAS,
32200,PRODUCTOS DE ARTES GRAFICAS,32200-011,PORTA DOCUMENTOS DE CARTON TAMAÑO OFICIO,PIEZAS,
39100,MATERIAL DE LIMPIEZA E HIGIENE,39100-001,AMBIENTADOR EN SPRAY 360 ML,PIEZA,
39100,MATERIAL DE LIMPIEZA E HIGIENE,39100-002,AMBIENTADOR PARA MOVILIDAD,PIEZA,
39100,MATERIAL DE LIMPIEZA E HIGIENE,39100-003,BASURERO TIPO CANASTILLO CIRCULAR DE PLASTICO,PIEZA,
39100,MATERIAL DE LIMPIEZA E HIGIENE,39100-004,CERA DE AGUA PARA PISOS FRIOS DE 1 LITRO,BOTE,
39100,MATERIAL DE LIMPIEZA E HIGIENE,39100-005,CERA DE AGUA PARA PISOS FRIOS (AROMATIZADO) DE 400 ML,BOTE,
39100,MATERIAL DE LIMPIEZA E HIGIENE,39100-006,CERA PARA PISOS DE MADERA DE 400 ML,SACHET,
39100,MATERIAL DE LIMPIEZA E HIGIENE,39100-007,DETERGENTE GRANULADO DE 800 GRS.,BOLSA,
39100,MATERIAL DE LIMPIEZA E HIGIENE,39100-008,ESCOBA DE PLASTICO CON MANGO,PIEZA,
39100,MATERIAL DE LIMPIEZA E HIGIENE,39100-009,ESPONJA DE LIMPIEZA,PIEZA,
39100,MATERIAL DE LIMPIEZA E HIGIENE,39100-010,GUANTES DE GOMA PARA LIMPIEZA,PAR,
39100,MATERIAL DE LIMPIEZA E HIGIENE,39100-011,JABON LIQUIDO DE 360 ML,BOTE,
39100,MATERIAL DE LIMPIEZA E HIGIENE,39100-012,HARAGAN CON MANGO,PIEZA,
39100,MATERIAL DE LIMPIEZA E HIGIENE,39100-013,LAVANDINA DE 1 LITRO,BOTE,
39100,MATERIAL DE LIMPIEZA E HIGIENE,39100-014,LAVAVAJILLA 1200 ML,BOTE,
39100,MATERIAL DE LIMPIEZA E HIGIENE,39100-015,LEVANTADOR DE BASURA PLASTICO CON MANGO (TAMAÑO MEDIANO),PIEZA,
39100,MATERIAL DE LIMPIEZA E HIGIENE,39100-016,LEVANTADOR DE BASURA PLASTICO CON MANGO (TAMAÑO GRANDE),PIEZA,
39100,MATERIAL DE LIMPIEZA E HIGIENE,39100-017,LIMPIA BAÑOS DE 850 ML,BOTE,
39100,MATERIAL DE LIMPIEZA E HIGIENE,39100-018,LIMPIA COMPUTADORA DE 970 ML,BOTE,
39100,MATERIAL DE LIMPIEZA E HIGIENE,39100-019,LUSTRA MUEBLE DE 850 ML,BOTE,
39100,MATERIAL DE LIMPIEZA E HIGIENE,39100-020,LIMPIA VIDRIOS DE 900 ML.,BOTE,
39100,MATERIAL DE LIMPIEZA E HIGIENE,39100-021,PAÑOS PARA DESEMPOLVAR,PIEZA,
39100,MATERIAL DE LIMPIEZA E HIGIENE,39100-022,PASTILLA PARA INODORO 40 G,PIEZA,
39100,MATERIAL DE LIMPIEZA E HIGIENE,39100-023,TRAPOS DE ASEO PARA PISO,PIEZA,
39100,MATERIAL DE LIMPIEZA E HIGIENE,39100-024,SANITIZADOR DE MANOS 360 ML,BOTE,
39100,MATERIAL DE LIMPIEZA E HIGIENE,39100-025,VIRUTILLA DE ACERO,PIEZA,
39100,MATERIAL DE LIMPIEZA E HIGIENE,39100-026,SANITIZADOR DE MANOS 320 ML,BOTE,
39100,MATERIAL DE LIMPIEZA E HIGIENE,39100-027,SANITIZADOJABOM LIQUIDO DE 5 LITRO,BOTE,
39100,MATERIAL DE LIMPIEZA E HIGIENE,39100-028,JABON LIQUIDO DE 1 LITRO,BOTE,
39100,MATERIAL DE LIMPIEZA E HIGIENE,39100-029,JABON LIQUIDO DE 320 ML,BOTE,
39100,MATERIAL DE LIMPIEZA E HIGIENE,39100-030,LAVANDINA DE 4 LITROS,BOTE,
39100,MATERIAL DE LIMPIEZA E HIGIENE,39100-031,JABON DE CARA EN BARRA,BOTE,
39100,MATERIAL DE LIMPIEZA E HIGIENE,39100-032,LAVANDINA DE 2 LITROS,BOTE,
39100,MATERIAL DE LIMPIEZA E HIGIENE,39100-033,DETERGENTE GRANULADO DE 1 KILO,BOLSA,
39100,MATERIAL DE LIMPIEZA E HIGIENE,39100-034,CERA PARA PISOS FRIOS (AROMATIZADO) DE 900 ML,BOTE,
39100,MATERIAL DE LIMPIEZA E HIGIENE,39100-035,ALCOHOL PARA DESINFECTAR DE 1 LITRO,BOTE,
39100,MATERIAL DE LIMPIEZA E HIGIENE,39100-036,JABON LIQUIDO DE 5 LITROS,BOTE,
39100,MATERIAL DE LIMPIEZA E HIGIENE,39100-037,CERA AL AGUA PARA PISOS FRIOS AROMATIZADO DE 900 ML,BOTE,
39100,MATERIAL DE LIMPIEZA E HIGIENE,39100-038,SANITIZADOR DE MANOS 500 ML,BOTE,
39100,MATERIAL DE LIMPIEZA E HIGIENE,39100-039,BASURERO DE PLASTICO CON TAPA  TAMAÑO GRANDE,PIEZA,
39100,MATERIAL DE LIMPIEZA E HIGIENE,39100-040,LAVANDINA DE 5 LITROS,BOTE,
39100,MATERIAL DE LIMPIEZA E HIGIENE,39100-041,ESCOBA PARA ALFOMBRA,PIEZA,
39100,MATERIAL DE LIMPIEZA E HIGIENE,39100-042,LAVAVAJILLA 1050 ML,BOTE,
39100,MATERIAL DE LIMPIEZA E HIGIENE,39100-043,ANTIGRASA DE 1000 ML,BOTE,
39100,MATERIAL DE LIMPIEZA E HIGIENE,39100-044,LIMPIA BAÑOS DE 1000 ML,BOTE,
39100,MATERIAL DE LIMPIEZA E HIGIENE,39100-045,LIMPIA COMPUTADORAS DE 1000 ML,BOTE,
39100,MATERIAL DE LIMPIEZA E HIGIENE,39100-046,AEROSOL DESINFECTANTE LISOFORM,PIEZA,
39100,MATERIAL DE LIMPIEZA E HIGIENE,39100-047,LUSTRA MUEBLES DE 1000 ML,BOTE,
39100,MATERIAL DE LIMPIEZA E HIGIENE,39100-048,LIMPIA VIDRIOS  DE 1000 ML,BOTE,
39100,MATERIAL DE LIMPIEZA E HIGIENE,39100-049,SANITIZADOR DE MANOS 400 ML,BOTE,
39100,MATERIAL DE LIMPIEZA E HIGIENE,39100-050,ANTIGRASA DE 830 ML,BOTE,
39100,MATERIAL DE LIMPIEZA E HIGIENE,39100-051,LIMPIA COMPUTADORAS DE 900 ML,BOTE,
39100,MATERIAL DE LIMPIEZA E HIGIENE,39100-052,LIMPIA BAÑOS DE 830 ML,BOTE,
39100,MATERIAL DE LIMPIEZA E HIGIENE,39100-053,LIQUIDO LIMPIA VIDRIOS DE USO GENERAL DE 940 ML,BOTE,
39100,MATERIAL DE LIMPIEZA E HIGIENE,39100-054,JABON LIQUIDO PARA MANOS DE 400 ML,BOTE,
39100,MATERIAL DE LIMPIEZA E HIGIENE,39100-056,AROMATIZANTE Y DESINFECTANTE PARA PISOS FRIOS DE 4.900 A 5 LITROS,BOTE,
39500,UTILES DE ESCRITORIO Y OFICINA,39500-001,ARCHIVADOR DE PALANCA LOMO ANCHO TAMAÑO OFICIO,PIEZAS,
39500,UTILES DE ESCRITORIO Y OFICINA,39500-002,ARCHIVADOR DE PALANCA LOMO ANCHO TAMAÑO MEDIO OFICIO,PIEZAS,
39500,UTILES DE ESCRITORIO Y OFICINA,39500-003,BINDERS CLIPS TAMAÑO (51MM),CAJA,
39500,UTILES DE ESCRITORIO Y OFICINA,39500-004,BINDERS CLIPS TAMAÑO (32MM),CAJA,
39500,UTILES DE ESCRITORIO Y OFICINA,39500-005,BINDERS CLIPS TAMAÑO (25MM),CAJA,
39500,UTILES DE ESCRITORIO Y OFICINA,39500-006,BINDERS CLIPS TAMAÑO (19MM),CAJA,
39500,UTILES DE ESCRITORIO Y OFICINA,39500-007,BOLIGRAFO COLOR AZUL,PIEZA,
39500,UTILES DE ESCRITORIO Y OFICINA,39500-008,BOLIGRAFO COLOR NEGRO,PIEZA,
39500,UTILES DE ESCRITORIO Y OFICINA,39500-009,BOLIGRAFO COLOR ROJO,PIEZA,
39500,UTILES DE ESCRITORIO Y OFICINA,39500-010,BORRADOR DE TINTA Y LAPIZ,PIEZA,
39500,UTILES DE ESCRITORIO Y OFICINA,39500-011,BLU-RAY DISC,PIEZA,
39500,UTILES DE ESCRITORIO Y OFICINA,39500-012,CARTUCHO PARA IMPRESORA CANON IP 1600-1800 COLOR N°CL-41,PIEZA,
39500,UTILES DE ESCRITORIO Y OFICINA,39500-013,CD-R 700MB/80 MIN,PIEZA,
39500,UTILES DE ESCRITORIO Y OFICINA,39500-014,CINTA MASKIN DE 2CM. DE ANCHO,ROLLO,
39500,UTILES DE ESCRITORIO Y OFICINA,39500-015,CINTA DE EMBALAGE TRANSPARENTE DE 100 YARDAS,ROLLO,
39500,UTILES DE ESCRITORIO Y OFICINA,39500-016,CINTA PARA IMPRESORA EPSON,PIEZA,
39500,UTILES DE ESCRITORIO Y OFICINA,39500-017,CINTA PARA MAQUINA DE ESCRIBIR,PIEZA,
39500,UTILES DE ESCRITORIO Y OFICINA,39500-018,,CAJITAS,
39500,UTILES DE ESCRITORIO Y OFICINA,39500-019,CLIPS PARA PAPELES N°33 MM,CAJITAS,
39500,UTILES DE ESCRITORIO Y OFICINA,39500-020,CLIPS PARA PAPELES N°50 MM,CAJITAS,
39500,UTILES DE ESCRITORIO Y OFICINA,39500-021,CORRECTOR EN CINTA,PIEZA,
39500,UTILES DE ESCRITORIO Y OFICINA,39500-022,CUADERNO CON ESPIRAL TAMAÑO CARTA,PIEZA,
39500,UTILES DE ESCRITORIO Y OFICINA,39500-023,CUADERNO CON ESPIRAL TAMAÑO NORMAL,PIEZA,
39500,UTILES DE ESCRITORIO Y OFICINA,39500-024,CUADERNO CON ESPIRAL TAMAÑO  OFICIO,PIEZA,
39500,UTILES DE ESCRITORIO Y OFICINA,39500-025,CHINCHES METALICOS DE 50 UNIDADES,CAJITA,
39500,UTILES DE ESCRITORIO Y OFICINA,39500-026,DVD - R 120 MIN/4.7 GB,PIEZA,
39500,UTILES DE ESCRITORIO Y OFICINA,39500-027,ENGRAMPADORA SEMI INDUSTRIAL MEDIANO CM-70,PIEZA,
39500,UTILES DE ESCRITORIO Y OFICINA,39500-028,ENGRAMPADORA SEMI INDUSTRIAL,PIEZA,
39500,UTILES DE ESCRITORIO Y OFICINA,39500-029,ESTILETE TAMAÑO GRANDE,PIEZA,
39500,UTILES DE ESCRITORIO Y OFICINA,39500-030,FASTENER METALICO,CAJA,
39500,UTILES DE ESCRITORIO Y OFICINA,39500-031,FOLDERS DE PLASTICO TAMAÑO OFICIO,PIEZA,
39500,UTILES DE ESCRITORIO Y OFICINA,39500-032,GRAPAS N°24/6,CAJITA,
39500,UTILES DE ESCRITORIO Y OFICINA,39500-033,GRAPAS N°23/6,CAJITA,
39500,UTILES DE ESCRITORIO Y OFICINA,39500-034,GRAPAS N°23/20,CAJITA,
39500,UTILES DE ESCRITORIO Y OFICINA,39500-035,GRAPAS N°23/13,CAJITA,
39500,UTILES DE ESCRITORIO Y OFICINA,39500-036,GRAPAS N°23/10,CAJITA,
39500,UTILES DE ESCRITORIO Y OFICINA,39500-037,LAPIZ DE COLOR NEGRO,PIEZA,
39500,UTILES DE ESCRITORIO Y OFICINA,39500-038,LAPIZ DE COLOR ROJO,PIEZA,
39500,UTILES DE ESCRITORIO Y OFICINA,39500-039,LAPIZ DE COLOR AZUL,PIEZA,
39500,UTILES DE ESCRITORIO Y OFICINA,39500-040,LAPIZ DE COLOR VERDE,PIEZA,
39500,UTILES DE ESCRITORIO Y OFICINA,39500-041,LAPIZ BICOLOR ROJO Y AZUL,PIEZA,
39500,UTILES DE ESCRITORIO Y OFICINA,39500-042,LIBRO DE ACTAS TAMAÑO OFICIO,PIEZA,
39500,UTILES DE ESCRITORIO Y OFICINA,39500-043,LIBRO DE ORDENES ANUMERADO,PIEZA,
39500,UTILES DE ESCRITORIO Y OFICINA,39500-044,LIGAS PLANAS PARA DOCUMENTOS,BOLSA,
39500,UTILES DE ESCRITORIO Y OFICINA,39500-045,MAQUINA DE CALCULAR MANUAL,PIEZA,
39500,UTILES DE ESCRITORIO Y OFICINA,39500-046,MARCADORES ACRILICOS DE DIFERENTES COLORES,PIEZA,
39500,UTILES DE ESCRITORIO Y OFICINA,39500-047,MARCADORES GRUESOS PERMANENTES DE DIFERENTES COLORES,PIEZA,
39500,UTILES DE ESCRITORIO Y OFICINA,39500-048,MARCADORES DE DIFERENTES COLORES PARA DISCO COMPACTO,PIEZA,
39500,UTILES DE ESCRITORIO Y OFICINA,39500-049,MICROPUNTA COLOR AZUL,PIEZA,
39500,UTILES DE ESCRITORIO Y OFICINA,39500-050,MICROPUNTA COLOR NEGRO,PIEZA,
39500,UTILES DE ESCRITORIO Y OFICINA,39500-051,MINAS PARA PORTAMINAS COLOR NEGRO,PIEZA,
39500,UTILES DE ESCRITORIO Y OFICINA,39500-052,MINAS PARA PORTAMINAS COLOR AZUL,PIEZA,
39500,UTILES DE ESCRITORIO Y OFICINA,39500-053,MINAS PARA PORTAMINAS COLOR ROJO,PIEZA,
39500,UTILES DE ESCRITORIO Y OFICINA,39500-054,PERFORADORA TAMAÑO MEDIANO,PIEZA,
39500,UTILES DE ESCRITORIO Y OFICINA,39500-055,PERFORADORA INSDUSTRIAL (M-708),PIEZA,
39500,UTILES DE ESCRITORIO Y OFICINA,39500-056,PERFORADORA CAPACIDAD DE 50 A 70 HOJAS (PM-40),PIEZA,
39500,UTILES DE ESCRITORIO Y OFICINA,39500-057,PESTAÑAS SEÑALIZADORAS (BANDERITAS),PIEZA,
39500,UTILES DE ESCRITORIO Y OFICINA,39500-058,PORTA SCOCH CON BASE DE PLASTICO,CAJITA,
39500,UTILES DE ESCRITORIO Y OFICINA,39500-059,PORTA PAPELES VERTICAL METALICO TRES DIVISIONES,PIEZA,
39500,UTILES DE ESCRITORIO Y OFICINA,39500-060,PORTA PAPELES VERTICAL METALICO TRES PISOS,PIEZA,
39500,UTILES DE ESCRITORIO Y OFICINA,39500-061,PORTA CLIPS MAGNETICO,PIEZA,
39500,UTILES DE ESCRITORIO Y OFICINA,39500-062,PORTAPAPELES DE PLASTICO DE ESCRITORIO (DOBLE PISO),PIEZA,
39500,UTILES DE ESCRITORIO Y OFICINA,39500-063,POSIT TAMAÑO GRANDE DE DIFERENTES COLORES,BLOCK,
39500,UTILES DE ESCRITORIO Y OFICINA,39500-064,POSIT T/MEDIANO DE DIFERENTES COLORES,BLOCK,
39500,UTILES DE ESCRITORIO Y OFICINA,39500-065,POSIT T/PEQUEÑO DE DIFERENTES COLORES,BLOCK,
39500,UTILES DE ESCRITORIO Y OFICINA,39500-066,REGLA METALICA  30 CTMS.,PIEZA,
39500,UTILES DE ESCRITORIO Y OFICINA,39500-067,REGLA METALICA  60  CTMS.,PIEZA,
39500,UTILES DE ESCRITORIO Y OFICINA,39500-068,RESALTADORES DE DIFERENTES COLORES,PIEZA,
39500,UTILES DE ESCRITORIO Y OFICINA,39500-069,SACA GRAPAS CON BASE DE PLATICO,PIEZA,
39500,UTILES DE ESCRITORIO Y OFICINA,39500-070,"SCOCH DE 1,80 MM",PIEZA,
39500,UTILES DE ESCRITORIO Y OFICINA,39500-071,TAJADOR DE ESCRITORIO,PIEZA,
39500,UTILES DE ESCRITORIO Y OFICINA,39500-072,TAMPO COLOR AZUL TAMAÑO MEDIANO,PIEZA,
39500,UTILES DE ESCRITORIO Y OFICINA,39500-073,TAMPO COLOR NEGRO TAMAÑO MEDIANO,PIEZA,
39500,UTILES DE ESCRITORIO Y OFICINA,39500-074,TIJERAS PARA PAPEL TAMAÑO GRANDE,PIEZA,
39500,UTILES DE ESCRITORIO Y OFICINA,39500-075,TINTA PARA SELLOS DE PIE AZUL,´PIEZA,
39500,UTILES DE ESCRITORIO Y OFICINA,39500-076,TINTA PARA SELLOS DE PIE NEGRO,PIEZA,
39500,UTILES DE ESCRITORIO Y OFICINA,39500-077,TINTA PARA SELLOS DE PIE ROJO,PIEZA,
39500,UTILES DE ESCRITORIO Y OFICINA,39500-078,TINTA PARA SELLOS DE PIE VERDE,PIEZA,
39500,UTILES DE ESCRITORIO Y OFICINA,39500-079,TONER PARA FOTOCOPIADORA CANON,PIEZA,
39500,UTILES DE ESCRITORIO Y OFICINA,39500-080,TONER PARA FOTOCOPIADORA NPG-1 COLOR NEGRO,PIEZA,
39500,UTILES DE ESCRITORIO Y OFICINA,39500-081,UHU STIC 40 G,BARRA,
39500,UTILES DE ESCRITORIO Y OFICINA,39500-082,FOLDER DE PLASTICO CON FASTENER TAMAÑO OFICIO,PIEZA,
39500,UTILES DE ESCRITORIO Y OFICINA,39500-083,TAMPO COLOR ROJO TAMAÑO MEDIANO,PIEZA,
39500,UTILES DE ESCRITORIO Y OFICINA,39500-084,TAMPO COLOR VERDE TAMAÑO MEDIANO,PIEZA,
39500,UTILES DE ESCRITORIO Y OFICINA,39500-085,TINTA PARA TAMPO COLOR AZUL,PIEZA,
39500,UTILES DE ESCRITORIO Y OFICINA,39500-086,TINTA PARA TAMPO COLOR NEGRO,PIEZA,
39500,UTILES DE ESCRITORIO Y OFICINA,39500-087,TINTA PARA TAMPO COLOR ROJO,PIEZA,
39500,UTILES DE ESCRITORIO Y OFICINA,39500-088,TINTA PARA TAMPO COLOR VERDE,PIEZA,
39500,UTILES DE ESCRITORIO Y OFICINA,39500-089,MARCADORES DELGADOS PERMANENTE DIFERENTES COLORES,PIEZA,
39500,UTILES DE ESCRITORIO Y OFICINA,39500-090,PEGAMENTO CARPICOLA DE 1 LITRO,PIEZA,
39500,UTILES DE ESCRITORIO Y OFICINA,39500-091,ENGRAMPADORA TAMAÑO MEDIANO,PIEZA,
39500,UTILES DE ESCRITORIO Y OFICINA,39500-092,CLIPS PARA PAPELES N°32 MM,PIEZA,
39500,UTILES DE ESCRITORIO Y OFICINA,39500-093,CINTA DE EMBALAJE TRANSPARENTE 30 YARDAS,PIEZA,
39500,UTILES DE ESCRITORIO Y OFICINA,39500-094,CINTA MASKIN DE 2.5 MM. DE ANCHO,ROLLO,
39500,UTILES DE ESCRITORIO Y OFICINA,39500-095,CINTA MASKIN DE 48 MM. DE ANCHO,ROLLO,
39500,UTILES DE ESCRITORIO Y OFICINA,39500-096,CORRECTOR  LIQUIDO EN LAPIZ,PIEZA,
39500,UTILES DE ESCRITORIO Y OFICINA,39500-097,FUNDAS PARA CD,PIEZA,
39500,UTILES DE ESCRITORIO Y OFICINA,39500-098,FUNDA PLASTICA TRANSPARENTE TAMAÑO CARTA,PIEZA,
39500,UTILES DE ESCRITORIO Y OFICINA,39500-099,FUNDA PLASTICA TRANSPARENTE TAMAÑO OFICIO,PIEZA,
39500,UTILES DE ESCRITORIO Y OFICINA,39500-100,MICROPUNTA GEL  064 mm COLOR AZUL,PIEZA,
39500,UTILES DE ESCRITORIO Y OFICINA,39500-101,MOJADEDO,PIEZA,
39500,UTILES DE ESCRITORIO Y OFICINA,39500-102,PITA DE AMARRE,PIEZA,
39500,UTILES DE ESCRITORIO Y OFICINA,39500-103,BLINDER CLIPS TAMAÑO 41MM,CAJA,
39500,UTILES DE ESCRITORIO Y OFICINA,39500-104,PORTA LAPIZ CIRCULAR METALICO COLOR NEGRO,JUEGO,
39500,UTILES DE ESCRITORIO Y OFICINA,39500-105,TINTA PARA IMPRESORA EPSON L575 SERIE 664 (CUATRO COLORES GENUINOS),JUEGO,
39500,UTILES DE ESCRITORIO Y OFICINA,39500-106,"TINTA PARA IMPRESORA EPSON (TINTA SERIE EPSON, T524 CUATRO COLORES GENUINOS)",JUEGO,
39500,UTILES DE ESCRITORIO Y OFICINA,39500-107,"TINTA PARA IMPRESORA EPSON (TINTA SERIE EPSON, T574 CUATRO COLORES GENUINOS)",JUEGO,
39500,UTILES DE ESCRITORIO Y OFICINA,39500-108,"TINTA PARA IMPRESORA EPSON (TINTA SERIE EPSON, T624 CUATRO COLORES GENUINOS)",JUEGO,
39500,UTILES DE ESCRITORIO Y OFICINA,39500-109,TINTA PARA IMPRESORA EPSON ( TINTA SERIE EPSON T673 SEIS COLORES GENUINOS,JUEGO,
39500,UTILES DE ESCRITORIO Y OFICINA,39500-110,"TINTA PARA IMPRESORA EPSON (TINTA SERIE EPSON, T941 CUATRO COLORES GENUINOS)",JUEGO,
39500,UTILES DE ESCRITORIO Y OFICINA,39500-111,TINTA PARA IMPRESORA EPSON (TINTA SERIE T540 CUATRO COLORES GENUINOS),JUEGO,
39500,UTILES DE ESCRITORIO Y OFICINA,39500-112,TINTA PARA IMPRESORA EPSON (TINTA SERIE EPSON T 544 CUATRO COLORES GENUINOS),JUEGO,
39500,UTILES DE ESCRITORIO Y OFICINA,39500-113,TINTA PÀRA IMPRESORA EPSON L6270 (TINTA SERIE T504 CUATRO COLORES GENUINOS),JUEGO,
39500,UTILES DE ESCRITORIO Y OFICINA,39500-114,"TINTA PARA IMPRESORA EPSON GENERICO DE 1 LITRO (CUATRO COLORES NEGRO,CYAN, MAGENTA, YELLOW)",JUEGO,
39500,UTILES DE ESCRITORIO Y OFICINA,39500-115,TONER HP ORIGINAL 105A ORIGINAL,PIEZA,
39500,UTILES DE ESCRITORIO Y OFICINA,39500-116,TONER HP ORIGINAL 89A,PIEZA,
39500,UTILES DE ESCRITORIO Y OFICINA,39500-117,TONER PARA IMPRESORA W1330A ORIGINAL,PIEZA,
39500,UTILES DE ESCRITORIO Y OFICINA,39500-118,TONER PARA IMPRESORA HP 78A ORIGINAL,PIEZA,
39500,UTILES DE ESCRITORIO Y OFICINA,39500-119,TONER PARA IMPRESORA HP26A ORIGINAL,PIEZA,
39500,UTILES DE ESCRITORIO Y OFICINA,39500-120,TONER PARA IMPRESORA HP 05A ORIGINAL,PAR,
39500,UTILES DE ESCRITORIO Y OFICINA,39500-121,TONER PARA IMPRESORA HP 12A ORIGINAL,PIEZA,
39500,UTILES DE ESCRITORIO Y OFICINA,39500-122,TONER PARA IMPRESORA HP 30A ORIGINAL,PIEZA,
39500,UTILES DE ESCRITORIO Y OFICINA,39500-123,TONER PARA IMPRESORA HP 35A ORIGINAL,PIEZA,
39500,UTILES DE ESCRITORIO Y OFICINA,39500-124,TONER PARA IMPRESORA HP 53A ORIGINAL,PIEZA,
39500,UTILES DE ESCRITORIO Y OFICINA,39500-125,TONER PARA IMPRESORA HP 58A ORIGINAL,PIEZA,
39500,UTILES DE ESCRITORIO Y OFICINA,39500-126,TONER PARA IMPRESORA HP 79A ORIGINAL,PIEZA,
39500,UTILES DE ESCRITORIO Y OFICINA,39500-127,TONER PARA IMPRESORA HP 85A ORIGINAL,PIEZA,
39500,UTILES DE ESCRITORIO Y OFICINA,39500-128,TONER PARA IMPRESORA HP 410A ORIGINAL,PIEZA,
39500,UTILES DE ESCRITORIO Y OFICINA,39500-129,TONER PARA IMPRESORA ORIGINAL HP 80A,PIEZA,
39500,UTILES DE ESCRITORIO Y OFICINA,39500-130,CARTUCHO DE CINTA PARA IMPRESORA EPSON ABS 15A (LQ-590II),PIEZA,
39500,UTILES DE ESCRITORIO Y OFICINA,39500-131,CARTUCHO DE CINTA PARA IMPRESORA EPSON (LQ-590),PIEZA,
39500,UTILES DE ESCRITORIO Y OFICINA,39500-132,CARTUCHO PARA IMPRESORA CANON 210 NEGRO,PIEZA,
39500,UTILES DE ESCRITORIO Y OFICINA,39500-133,CARTUCHO PARA IMPRESORA CANON 211 A COLOR,PIEZA,
39500,UTILES DE ESCRITORIO Y OFICINA,39500-134,ENGRAMPADORA METALICA DE CARGA POSTERIOR CARGA FRONTAL INTERNO METALICO,PIEZA,
39500,UTILES DE ESCRITORIO Y OFICINA,39500-135,GRAPAS Nº 23/17 NIQUELADAS,CAJA,
39500,UTILES DE ESCRITORIO Y OFICINA,39500-136,CINTA DE EMBALAGE DE 5MM/8MM  DE 200 YARDAS,PIEZA,
39500,UTILES DE ESCRITORIO Y OFICINA,39500-137,TINTA PARA IMPRESORA EPSON GENERICO DE LITRO COLOR NEGRO,BOTE,
39500,UTILES DE ESCRITORIO Y OFICINA,39500-138,TONER ORIGINALRICOHSP MP 4055,PIEZA,
39500,UTILES DE ESCRITORIO Y OFICINA,39500-139,TONER T06 MARCA CANON MODELO 352C002 COLOR NEGRO,PIEZA,
39500,UTILES DE ESCRITORIO Y OFICINA,39500-140,TONER HP PARA IMPRESORA ORIGINAL 202 A CUATRO COLORES,JUEGO,
39500,UTILES DE ESCRITORIO Y OFICINA,39500-141,TONER HP PARA IMPRESORA ORIGINAL 37A,PIEZA,
39500,UTILES DE ESCRITORIO Y OFICINA,39500-142,TONER DR 1060 BROTHER,PIEZA,
39500,UTILES DE ESCRITORIO Y OFICINA,39500-143,TINTA PARA CANON RECARGABLE DE CUATRO COLORES,JUEGO,
